talentlinkId,skills,biography
14265799,"['Data Analysis', 'Risk Controls', 'Python', 'Regulatory Reporting', 'Programme Delivery']","Experienced consultant with a background in data, risk, and transformation delivery. Supports complex programmes with a focus on quality, pace, and collaboration."
70217,"['ETL Design', 'Python', 'SQL', 'Data Governance']","Consulting professional supporting data quality, governance, and delivery outcomes. Supports complex programmes with a focus on quality, pace, and collaboration."
271339,"['Python', 'Data Governance', 'Regulatory Reporting', 'Data Analysis', 'Power BI', 'Risk Controls', 'ETL Design', 'Programme Delivery', 'Stakeholder Management']","Experienced consultant with a background in data, risk, and transformation delivery. Supports complex programmes with a focus on quality, pace, and collaboration."
88320463,"['Regulatory Reporting', 'ETL Design', 'Stakeholder Management', 'Programme Delivery', 'Data Governance', 'Data Analysis', 'Power BI', 'SQL', 'Python']","Experienced consultant with a background in data, risk, and transformation delivery. Brings a practical approach to structured problem solving and cross-functional delivery."
170674,"['SQL', 'Programme Delivery', 'Data Governance', 'Python', 'Data Analysis', 'Power BI', 'Regulatory Reporting', 'Stakeholder Management', 'Risk Controls', 'ETL Design']","Consulting professional supporting data quality, governance, and delivery outcomes. Comfortable translating business needs into clear analysis and execution plans."
662336,"['ETL Design', 'SQL', 'Power BI', 'Data Governance', 'Regulatory Reporting', 'Stakeholder Management', 'Risk Controls', 'Data Analysis', 'Python', 'Programme Delivery']","Business-focused analyst with experience across reporting, controls, and stakeholder engagement. Brings a practical approach to structured problem solving and cross-functional delivery."
84593961,"['Regulatory Reporting', 'ETL Design', 'Data Analysis', 'Data Governance', 'Stakeholder Management', 'SQL', 'Risk Controls', 'Power BI', 'Programme Delivery', 'Python']","Experienced consultant with a background in data, risk, and transformation delivery. Supports complex programmes with a focus on quality, pace, and collaboration."
9874152,"['Regulatory Reporting', 'Stakeholder Management', 'Python', 'Data Analysis', 'ETL Design', 'SQL', 'Risk Controls', 'Programme Delivery', 'Power BI']","Experienced consultant with a background in data, risk, and transformation delivery. Comfortable translating business needs into clear analysis and execution plans."
877236,"['Programme Delivery', 'SQL', 'Stakeholder Management', 'Data Analysis', 'ETL Design', 'Regulatory Reporting', 'Data Governance', 'Power BI', 'Python', 'Risk Controls']","Experienced consultant with a background in data, risk, and transformation delivery. Supports complex programmes with a focus on quality, pace, and collaboration."
8235969,"['Risk Controls', 'Data Governance', 'Power BI', 'SQL', 'Stakeholder Management', 'Python', 'Programme Delivery', 'Regulatory Reporting', 'ETL Design', 'Data Analysis']","Experienced consultant with a background in data, risk, and transformation delivery. Supports complex programmes with a focus on quality, pace, and collaboration."
87844239,"['Regulatory Reporting', 'SQL', 'Data Governance', 'Risk Controls', 'Data Analysis', 'ETL Design', 'Programme Delivery', 'Python', 'Power BI', 'Stakeholder Management']","Experienced consultant with a background in data, risk, and transformation delivery. Supports complex programmes with a focus on quality, pace, and collaboration."
76354180,"['Data Governance', 'Regulatory Reporting', 'Power BI', 'Data Analysis', 'SQL', 'Programme Delivery', 'Stakeholder Management', 'ETL Design', 'Risk Controls', 'Python']","Experienced consultant with a background in data, risk, and transformation delivery. Comfortable translating business needs into clear analysis and execution plans."
70407340,"['Stakeholder Management', 'Python', 'Power BI', 'Risk Controls', 'SQL', 'ETL Design', 'Programme Delivery', 'Regulatory Reporting', 'Data Governance']","Consulting professional supporting data quality, governance, and delivery outcomes. Comfortable translating business needs into clear analysis and execution plans."
61645,"['SQL', 'Programme Delivery', 'Stakeholder Management', 'Data Governance', 'Data Analysis', 'Risk Controls', 'Python', 'Regulatory Reporting', 'ETL Design', 'Power BI']","Business-focused analyst with experience across reporting, controls, and stakeholder engagement. Brings a practical approach to structured problem solving and cross-functional delivery."
91439,"['Power BI', 'Python', 'Data Analysis', 'ETL Design', 'Regulatory Reporting', 'Risk Controls', 'Programme Delivery', 'Data Governance']","Consulting professional supporting data quality, governance, and delivery outcomes. Brings a practical approach to structured problem solving and cross-functional delivery."
84177,"['Stakeholder Management', 'Data Analysis', 'Risk Controls', 'SQL', 'Programme Delivery', 'Power BI', 'Python', 'Regulatory Reporting', 'Data Governance']","Business-focused analyst with experience across reporting, controls, and stakeholder engagement. Brings a practical approach to structured problem solving and cross-functional delivery."
971084,"['Data Governance', 'ETL Design', 'Power BI', 'Regulatory Reporting', 'Stakeholder Management', 'Data Analysis', 'Python']","Business-focused analyst with experience across reporting, controls, and stakeholder engagement. Supports complex programmes with a focus on quality, pace, and collaboration."
300845,"['ETL Design', 'Data Analysis', 'Risk Controls', 'Power BI', 'Stakeholder Management', 'Programme Delivery', 'Python', 'Regulatory Reporting', 'SQL', 'Data Governance']","Consulting professional supporting data quality, governance, and delivery outcomes. Supports complex programmes with a focus on quality, pace, and collaboration."
55728776,"['Python', 'SQL', 'Power BI', 'Data Analysis', 'Risk Controls', 'Programme Delivery', 'Data Governance', 'Stakeholder Management', 'Regulatory Reporting', 'ETL Design']","Experienced consultant with a background in data, risk, and transformation delivery. Comfortable translating business needs into clear analysis and execution plans."
2010496,"['Programme Delivery', 'Data Governance', 'Power BI', 'Risk Controls', 'ETL Design', 'Stakeholder Management', 'SQL', 'Regulatory Reporting', 'Python', 'Data Analysis']","Consulting professional supporting data quality, governance, and delivery outcomes. Brings a practical approach to structured problem solving and cross-functional delivery."
779094,"['Regulatory Reporting', 'Python', 'SQL', 'Risk Controls', 'Data Governance', 'ETL Design', 'Power BI', 'Data Analysis', 'Stakeholder Management', 'Programme Delivery']","Business-focused analyst with experience across reporting, controls, and stakeholder engagement. Supports complex programmes with a focus on quality, pace, and collaboration."
98117,"['Data Governance', 'Python', 'SQL', 'ETL Design', 'Stakeholder Management', 'Programme Delivery', 'Power BI']","Business-focused analyst with experience across reporting, controls, and stakeholder engagement. Comfortable translating business needs into clear analysis and execution plans."
1043037,"['Programme Delivery', 'Risk Controls', 'Regulatory Reporting', 'Data Analysis', 'Data Governance', 'Python', 'Stakeholder Management', 'Power BI', 'ETL Design', 'SQL']","Consulting professional supporting data quality, governance, and delivery outcomes. Comfortable translating business needs into clear analysis and execution plans."
626690,"['Data Analysis', 'SQL', 'Regulatory Reporting', 'Power BI', 'Stakeholder Management', 'Data Governance', 'ETL Design', 'Risk Controls', 'Python', 'Programme Delivery']","Business-focused analyst with experience across reporting, controls, and stakeholder engagement. Brings a practical approach to structured problem solving and cross-functional delivery."
66881,"['ETL Design', 'SQL', 'Python', 'Data Governance', 'Stakeholder Management']","Business-focused analyst with experience across reporting, controls, and stakeholder engagement. Brings a practical approach to structured problem solving and cross-functional delivery."
44269370,"['Programme Delivery', 'Data Analysis', 'Stakeholder Management', 'Power BI', 'Data Governance', 'ETL Design', 'Risk Controls', 'Python', 'Regulatory Reporting', 'SQL']","Experienced consultant with a background in data, risk, and transformation delivery. Comfortable translating business needs into clear analysis and execution plans."
13358751,"['Regulatory Reporting', 'Risk Controls', 'ETL Design', 'Python', 'Stakeholder Management', 'Data Governance', 'Data Analysis', 'Power BI', 'SQL', 'Programme Delivery']","Business-focused analyst with experience across reporting, controls, and stakeholder engagement. Supports complex programmes with a focus on quality, pace, and collaboration."
47546086,"['Stakeholder Management', 'Power BI', 'Data Governance', 'ETL Design', 'SQL', 'Python', 'Programme Delivery', 'Risk Controls', 'Regulatory Reporting', 'Data Analysis']","Experienced consultant with a background in data, risk, and transformation delivery. Comfortable translating business needs into clear analysis and execution plans."
72422,"['Data Analysis', 'Power BI', 'Regulatory Reporting', 'Programme Delivery', 'SQL', 'Risk Controls', 'ETL Design', 'Data Governance', 'Stakeholder Management']","Business-focused analyst with experience across reporting, controls, and stakeholder engagement. Supports complex programmes with a focus on quality, pace, and collaboration."
7390515,"['SQL', 'Data Analysis', 'Stakeholder Management', 'Data Governance', 'Regulatory Reporting', 'Power BI', 'Programme Delivery', 'ETL Design', 'Python', 'Risk Controls']","Experienced consultant with a background in data, risk, and transformation delivery. Supports complex programmes with a focus on quality, pace, and collaboration."
494468,"['SQL', 'Regulatory Reporting', 'Python', 'Power BI', 'Risk Controls', 'Data Governance', 'Programme Delivery', 'ETL Design', 'Stakeholder Management', 'Data Analysis']","Consulting professional supporting data quality, governance, and delivery outcomes. Comfortable translating business needs into clear analysis and execution plans."
47125,"['ETL Design', 'Regulatory Reporting', 'Data Analysis', 'Data Governance', 'Power BI', 'Risk Controls', 'Python', 'Programme Delivery', 'Stakeholder Management', 'SQL']","Consulting professional supporting data quality, governance, and delivery outcomes. Brings a practical approach to structured problem solving and cross-functional delivery."
70260,"['Risk Controls', 'ETL Design', 'Regulatory Reporting', 'Power BI', 'Data Analysis', 'Data Governance', 'Programme Delivery', 'Python', 'SQL', 'Stakeholder Management']","Business-focused analyst with experience across reporting, controls, and stakeholder engagement. Supports complex programmes with a focus on quality, pace, and collaboration."
71462,"['Stakeholder Management', 'Data Analysis', 'Risk Controls', 'Programme Delivery', 'ETL Design', 'SQL', 'Python', 'Regulatory Reporting']","Consulting professional supporting data quality, governance, and delivery outcomes. Brings a practical approach to structured problem solving and cross-functional delivery."
23891786,"['Data Governance', 'Programme Delivery', 'Stakeholder Management', 'Regulatory Reporting', 'Risk Controls', 'Python', 'ETL Design', 'Data Analysis', 'SQL', 'Power BI']","Experienced consultant with a background in data, risk, and transformation delivery. Brings a practical approach to structured problem solving and cross-functional delivery."
92590645,"['SQL', 'Power BI', 'Data Governance', 'ETL Design', 'Python', 'Programme Delivery', 'Data Analysis', 'Stakeholder Management', 'Risk Controls', 'Regulatory Reporting']","Experienced consultant with a background in data, risk, and transformation delivery. Supports complex programmes with a focus on quality, pace, and collaboration."
853448,"['ETL Design', 'Data Analysis', 'Programme Delivery', 'Python', 'Stakeholder Management', 'Risk Controls', 'Power BI', 'Data Governance', 'Regulatory Reporting', 'SQL']","Business-focused analyst with experience across reporting, controls, and stakeholder engagement. Brings a practical approach to structured problem solving and cross-functional delivery."
146489,"['Data Analysis', 'Risk Controls', 'ETL Design', 'Data Governance', 'SQL', 'Power BI', 'Regulatory Reporting', 'Python', 'Stakeholder Management']","Consulting professional supporting data quality, governance, and delivery outcomes. Comfortable translating business needs into clear analysis and execution plans."
1802018,"['Data Analysis', 'Programme Delivery', 'Data Governance', 'Python', 'SQL', 'Stakeholder Management', 'Risk Controls', 'Regulatory Reporting', 'Power BI', 'ETL Design']","Business-focused analyst with experience across reporting, controls, and stakeholder engagement. Supports complex programmes with a focus on quality, pace, and collaboration."
90882505,"['Programme Delivery', 'Power BI', 'Data Analysis', 'Stakeholder Management']","Business-focused analyst with experience across reporting, controls, and stakeholder engagement. Brings a practical approach to structured problem solving and cross-functional delivery."
7423230,"['Data Analysis', 'Programme Delivery', 'Power BI', 'Stakeholder Management', 'Regulatory Reporting', 'Data Governance', 'SQL', 'Risk Controls', 'ETL Design', 'Python']","Business-focused analyst with experience across reporting, controls, and stakeholder engagement. Comfortable translating business needs into clear analysis and execution plans."
9240971,"['Power BI', 'Python', 'SQL', 'Data Governance', 'Risk Controls']","Consulting professional supporting data quality, governance, and delivery outcomes. Comfortable translating business needs into clear analysis and execution plans."
84040798,"['Stakeholder Management', 'Regulatory Reporting', 'Data Governance', 'Programme Delivery', 'Risk Controls', 'ETL Design', 'Data Analysis', 'Power BI', 'Python', 'SQL']","Consulting professional supporting data quality, governance, and delivery outcomes. Supports complex programmes with a focus on quality, pace, and collaboration."
27551135,"['Data Analysis', 'ETL Design', 'Data Governance', 'Risk Controls', 'SQL', 'Programme Delivery', 'Power BI']","Business-focused analyst with experience across reporting, controls, and stakeholder engagement. Comfortable translating business needs into clear analysis and execution plans."
77839607,"['Power BI', 'Stakeholder Management', 'Risk Controls', 'Programme Delivery', 'SQL', 'Data Analysis', 'Python', 'ETL Design', 'Regulatory Reporting', 'Data Governance']","Experienced consultant with a background in data, risk, and transformation delivery. Comfortable translating business needs into clear analysis and execution plans."
2233658,"['Data Governance', 'Power BI', 'Python', 'Risk Controls', 'Regulatory Reporting', 'ETL Design', 'Data Analysis', 'SQL', 'Programme Delivery', 'Stakeholder Management']","Consulting professional supporting data quality, governance, and delivery outcomes. Supports complex programmes with a focus on quality, pace, and collaboration."
32885741,"['SQL', 'Stakeholder Management', 'Regulatory Reporting', 'Data Governance', 'ETL Design', 'Python', 'Data Analysis', 'Power BI', 'Programme Delivery', 'Risk Controls']","Consulting professional supporting data quality, governance, and delivery outcomes. Supports complex programmes with a focus on quality, pace, and collaboration."
6943949,"['Python', 'Power BI', 'SQL', 'Data Analysis', 'Risk Controls', 'Data Governance', 'Stakeholder Management', 'ETL Design', 'Programme Delivery', 'Regulatory Reporting']","Business-focused analyst with experience across reporting, controls, and stakeholder engagement. Brings a practical approach to structured problem solving and cross-functional delivery."
97313825,"['SQL', 'Regulatory Reporting', 'Python', 'Data Governance', 'Data Analysis', 'Stakeholder Management', 'Risk Controls', 'Programme Delivery', 'ETL Design', 'Power BI']","Experienced consultant with a background in data, risk, and transformation delivery. Supports complex programmes with a focus on quality, pace, and collaboration."
992400,"['Risk Controls', 'Regulatory Reporting', 'Data Analysis', 'ETL Design', 'SQL', 'Python', 'Stakeholder Management', 'Power BI', 'Programme Delivery']","Consulting professional supporting data quality, governance, and delivery outcomes. Comfortable translating business needs into clear analysis and execution plans."
577079,"['Regulatory Reporting', 'ETL Design', 'SQL', 'Power BI', 'Programme Delivery', 'Data Analysis', 'Stakeholder Management', 'Risk Controls', 'Python', 'Data Governance']","Business-focused analyst with experience across reporting, controls, and stakeholder engagement. Supports complex programmes with a focus on quality, pace, and collaboration."
22205980,"['Regulatory Reporting', 'Data Analysis', 'Python', 'Stakeholder Management', 'ETL Design', 'Programme Delivery', 'Risk Controls', 'Data Governance', 'Power BI', 'SQL']","Business-focused analyst with experience across reporting, controls, and stakeholder engagement. Comfortable translating business needs into clear analysis and execution plans."
903028,"['Risk Controls', 'Stakeholder Management', 'Power BI', 'Data Analysis', 'Programme Delivery', 'Regulatory Reporting', 'ETL Design', 'Data Governance', 'SQL', 'Python']","Business-focused analyst with experience across reporting, controls, and stakeholder engagement. Comfortable translating business needs into clear analysis and execution plans."
4162177,"['Programme Delivery', 'SQL', 'Data Analysis', 'Stakeholder Management', 'Risk Controls', 'ETL Design', 'Data Governance', 'Regulatory Reporting', 'Power BI', 'Python']","Experienced consultant with a background in data, risk, and transformation delivery. Brings a practical approach to structured problem solving and cross-functional delivery."
4974590,"['Stakeholder Management', 'Regulatory Reporting', 'Python', 'Risk Controls', 'Power BI', 'SQL', 'Data Governance', 'Programme Delivery', 'Data Analysis', 'ETL Design']","Business-focused analyst with experience across reporting, controls, and stakeholder engagement. Comfortable translating business needs into clear analysis and execution plans."
3421820,"['Stakeholder Management', 'ETL Design', 'Power BI', 'SQL', 'Risk Controls', 'Python', 'Regulatory Reporting', 'Data Analysis', 'Programme Delivery', 'Data Governance']","Business-focused analyst with experience across reporting, controls, and stakeholder engagement. Supports complex programmes with a focus on quality, pace, and collaboration."
602681,"['Risk Controls', 'ETL Design', 'Data Analysis', 'Programme Delivery', 'Regulatory Reporting', 'SQL', 'Python', 'Data Governance', 'Stakeholder Management', 'Power BI']","Experienced consultant with a background in data, risk, and transformation delivery. Supports complex programmes with a focus on quality, pace, and collaboration."
34702473,"['Regulatory Reporting', 'Programme Delivery', 'Data Governance', 'SQL', 'ETL Design', 'Power BI', 'Data Analysis', 'Python', 'Stakeholder Management', 'Risk Controls']","Experienced consultant with a background in data, risk, and transformation delivery. Comfortable translating business needs into clear analysis and execution plans."
60903955,"['SQL', 'Python', 'Data Governance', 'Data Analysis', 'Programme Delivery', 'Regulatory Reporting', 'ETL Design', 'Stakeholder Management', 'Risk Controls', 'Power BI']","Experienced consultant with a background in data, risk, and transformation delivery. Brings a practical approach to structured problem solving and cross-functional delivery."
888795,"['Python', 'ETL Design', 'SQL', 'Data Analysis', 'Stakeholder Management', 'Data Governance', 'Programme Delivery', 'Regulatory Reporting', 'Risk Controls', 'Power BI']","Consulting professional supporting data quality, governance, and delivery outcomes. Comfortable translating business needs into clear analysis and execution plans."
473095,"['Power BI', 'Stakeholder Management', 'SQL', 'Programme Delivery', 'Regulatory Reporting', 'Python', 'Data Governance', 'ETL Design', 'Data Analysis', 'Risk Controls']","Business-focused analyst with experience across reporting, controls, and stakeholder engagement. Brings a practical approach to structured problem solving and cross-functional delivery."
70242778,"['Stakeholder Management', 'ETL Design', 'Programme Delivery', 'Risk Controls', 'Data Governance', 'SQL', 'Data Analysis', 'Python', 'Power BI', 'Regulatory Reporting']","Experienced consultant with a background in data, risk, and transformation delivery. Supports complex programmes with a focus on quality, pace, and collaboration."
3980258,"['Python', 'Stakeholder Management', 'Regulatory Reporting', 'ETL Design', 'SQL', 'Data Governance', 'Power BI', 'Risk Controls', 'Programme Delivery', 'Data Analysis']","Business-focused analyst with experience across reporting, controls, and stakeholder engagement. Supports complex programmes with a focus on quality, pace, and collaboration."
60598851,"['Data Analysis', 'Risk Controls', 'Data Governance', 'SQL', 'Programme Delivery', 'Python', 'Stakeholder Management', 'Power BI', 'Regulatory Reporting']","Business-focused analyst with experience across reporting, controls, and stakeholder engagement. Supports complex programmes with a focus on quality, pace, and collaboration."
95295586,"['Regulatory Reporting', 'Data Analysis', 'Programme Delivery', 'Risk Controls', 'ETL Design', 'SQL', 'Power BI', 'Data Governance', 'Stakeholder Management', 'Python']","Experienced consultant with a background in data, risk, and transformation delivery. Comfortable translating business needs into clear analysis and execution plans."
4772246,"['SQL', 'Power BI', 'Regulatory Reporting', 'Data Governance', 'Risk Controls', 'Stakeholder Management', 'Python', 'Programme Delivery']","Business-focused analyst with experience across reporting, controls, and stakeholder engagement. Supports complex programmes with a focus on quality, pace, and collaboration."
320073,"['Data Governance', 'Python', 'ETL Design', 'Data Analysis', 'Risk Controls', 'Regulatory Reporting', 'Stakeholder Management', 'Power BI', 'Programme Delivery']","Experienced consultant with a background in data, risk, and transformation delivery. Brings a practical approach to structured problem solving and cross-functional delivery."
5153279,"['Data Governance', 'Python', 'Power BI', 'SQL', 'Data Analysis', 'ETL Design', 'Regulatory Reporting', 'Programme Delivery', 'Risk Controls']","Consulting professional supporting data quality, governance, and delivery outcomes. Comfortable translating business needs into clear analysis and execution plans."
46042404,"['Regulatory Reporting', 'Risk Controls', 'Python', 'Power BI', 'Data Governance', 'Data Analysis', 'ETL Design', 'Stakeholder Management', 'Programme Delivery', 'SQL']","Consulting professional supporting data quality, governance, and delivery outcomes. Comfortable translating business needs into clear analysis and execution plans."
3777050,"['Data Analysis', 'Stakeholder Management', 'Python', 'ETL Design', 'Data Governance', 'SQL', 'Power BI', 'Programme Delivery', 'Risk Controls']","Consulting professional supporting data quality, governance, and delivery outcomes. Brings a practical approach to structured problem solving and cross-functional delivery."
57182314,"['Stakeholder Management', 'Data Governance', 'Python', 'Risk Controls', 'Programme Delivery', 'SQL', 'Data Analysis', 'ETL Design', 'Regulatory Reporting', 'Power BI']","Experienced consultant with a background in data, risk, and transformation delivery. Brings a practical approach to structured problem solving and cross-functional delivery."
